"Person ID","First name","Last name",Party,Constituency,URI
10001,Diane,Abbott,Labour,"Hackney North and Stoke Newington",https://www.theyworkforyou.com/mp/10001/diane_abbott/hackney_north_and_stoke_newington
10002,Gerry,Adams,"Sinn Féin","Belfast West",https://www.theyworkforyou.com/mp/10002/gerry_adams/belfast_west
11929,Adam,Afriyie,Conservative,Windsor,https://www.theyworkforyou.com/mp/11929/adam_afriyie/windsor
10004,Nick,Ainger,Labour,"Carmarthen West and South Pembrokeshire",https://www.theyworkforyou.com/mp/10004/nick_ainger/carmarthen_west_and_south_pembrokeshire
10005,Bob,Ainsworth,Labour,"Coventry North East",https://www.theyworkforyou.com/mp/10005/bob_ainsworth/coventry_north_east
10006,Peter,Ainsworth,Conservative,"East Surrey",https://www.theyworkforyou.com/mp/10006/peter_ainsworth/east_surrey
11995,Danny,Alexander,"Liberal Democrat","Inverness, Nairn, Badenoch and Strathspey",https://www.theyworkforyou.com/mp/11995/danny_alexander/inverness%2C_nairn%2C_badenoch_and_strathspey
10661,Douglas,Alexander,Labour,"Paisley and Renfrewshire South",https://www.theyworkforyou.com/mp/10661/douglas_alexander/paisley_and_renfrewshire_south
10008,Graham,Allen,Labour,"Nottingham North",https://www.theyworkforyou.com/mp/10008/graham_allen/nottingham_north
10009,David,Amess,Conservative,"Southend West",https://www.theyworkforyou.com/mp/10009/sir_david_amess/southend_west
10010,Michael,Ancram,Conservative,Devizes,https://www.theyworkforyou.com/mp/10010/michael_ancram/devizes
11427,David,Anderson,Labour,Blaydon,https://www.theyworkforyou.com/mp/11427/david_anderson/blaydon
10012,Janet,Anderson,Labour,"Rossendale and Darwen",https://www.theyworkforyou.com/mp/10012/janet_anderson/rossendale_and_darwen
10013,James,Arbuthnot,Conservative,"North East Hampshire",https://www.theyworkforyou.com/mp/10013/james_arbuthnot/north_east_hampshire
10014,Hilary,Armstrong,Labour,"North West Durham",https://www.theyworkforyou.com/mp/10014/hilary_armstrong/north_west_durham
10018,Charlotte,Atkins,Labour,"Staffordshire Moorlands",https://www.theyworkforyou.com/mp/10018/charlotte_atkins/staffordshire_moorlands
10020,Peter,Atkinson,Conservative,Hexham,https://www.theyworkforyou.com/mp/10020/peter_atkinson/hexham
11553,Ian,Austin,Labour,"Dudley North",https://www.theyworkforyou.com/mp/11553/ian_austin/dudley_north
10021,John,Austin,Labour,"Erith and Thamesmead",https://www.theyworkforyou.com/mp/10021/john_austin/erith_and_thamesmead
10707,Richard,Bacon,Conservative,"South Norfolk",https://www.theyworkforyou.com/mp/10707/richard_bacon/south_norfolk
10683,Adrian,Bailey,Labour,"West Bromwich West",https://www.theyworkforyou.com/mp/10683/adrian_bailey/west_bromwich_west
10709,Vera,Baird,Labour,Redcar,https://www.theyworkforyou.com/mp/10709/vera_baird/redcar
10022,Norman,Baker,"Liberal Democrat",Lewes,https://www.theyworkforyou.com/mp/10022/norman_baker/lewes
10023,Tony,Baldry,Conservative,Banbury,https://www.theyworkforyou.com/mp/10023/tony_baldry/banbury
11740,Edward,Balls,Labour,Normanton,https://www.theyworkforyou.com/mp/11740/edward_balls/normanton
12005,Gordon,Banks,Labour,"Ochil and South Perthshire",https://www.theyworkforyou.com/mp/12005/gordon_banks/ochil_and_south_perthshire
10713,Gregory,Barker,Conservative,"Bexhill and Battle",https://www.theyworkforyou.com/mp/10713/gregory_barker/bexhill_and_battle
11644,Celia,Barlow,Labour,Hove,https://www.theyworkforyou.com/mp/11644/celia_barlow/hove
10715,John,Baron,Conservative,Billericay,https://www.theyworkforyou.com/mp/10715/john_baron/billericay
10716,John,Barrett,"Liberal Democrat","Edinburgh West",https://www.theyworkforyou.com/mp/10716/john_barrett/edinburgh_west
10027,Kevin,Barron,Labour,"Rother Valley",https://www.theyworkforyou.com/mp/10027/kevin_barron/rother_valley
10028,John,Battle,Labour,"Leeds West",https://www.theyworkforyou.com/mp/10028/john_battle/leeds_west
10029,Hugh,Bayley,Labour,"City of York",https://www.theyworkforyou.com/mp/10029/hugh_bayley/city_of_york
10031,Margaret,Beckett,Labour,"Derby South",https://www.theyworkforyou.com/mp/10031/margaret_beckett/derby_south
10032,Anne,Begg,Labour,"Aberdeen South",https://www.theyworkforyou.com/mp/10032/anne_begg/aberdeen_south
10034,Alan,Beith,"Liberal Democrat",Berwick-upon-Tweed,https://www.theyworkforyou.com/mp/10034/alan_beith/berwick-upon-tweed
10036,Stuart,Bell,Labour,Middlesbrough,https://www.theyworkforyou.com/mp/10036/stuart_bell/middlesbrough
10726,Henry,Bellingham,Conservative,"North West Norfolk",https://www.theyworkforyou.com/mp/10726/henry_bellingham/north_west_norfolk
10669,Hilary,Benn,Labour,"Leeds Central",https://www.theyworkforyou.com/mp/10669/hilary_benn/leeds_central
10039,Joe,Benton,Labour,Bootle,https://www.theyworkforyou.com/mp/10039/joe_benton/bootle
11727,Richard,Benyon,Conservative,Newbury,https://www.theyworkforyou.com/mp/11727/richard_benyon/newbury
10040,John,Bercow,Conservative,Buckingham,https://www.theyworkforyou.com/mp/10040/john_bercow/buckingham
10041,Paul,Beresford,Conservative,"Mole Valley",https://www.theyworkforyou.com/mp/10041/paul_beresford/mole_valley
10043,Roger,Berry,Labour,Kingswood,https://www.theyworkforyou.com/mp/10043/roger_berry/kingswood
10045,Clive,Betts,Labour,"Sheffield, Attercliffe",https://www.theyworkforyou.com/mp/10045/clive_betts/sheffield%2C_attercliffe
11742,Brian,Binley,Conservative,"Northampton South",https://www.theyworkforyou.com/mp/11742/brian_binley/northampton_south
10046,Liz,Blackman,Labour,Erewash,https://www.theyworkforyou.com/mp/10046/liz_blackman/erewash
11558,Roberta,Blackman-Woods,Labour,"City of Durham",https://www.theyworkforyou.com/mp/11558/roberta_blackman-woods/city_of_durham
10047,Tony,Blair,Labour,Sedgefield,https://www.theyworkforyou.com/mp/10047/tony_blair/sedgefield
10048,Hazel,Blears,Labour,Salford,https://www.theyworkforyou.com/mp/10048/hazel_blears/salford
10049,Bob,Blizzard,Labour,Waveney,https://www.theyworkforyou.com/mp/10049/bob_blizzard/waveney
10050,David,Blunkett,Labour,"Sheffield, Brightside",https://www.theyworkforyou.com/mp/10050/david_blunkett/sheffield%2C_brightside
10051,Crispin,Blunt,Conservative,Reigate,https://www.theyworkforyou.com/mp/10051/crispin_blunt/reigate
11915,Peter,Bone,Conservative,Wellingborough,https://www.theyworkforyou.com/mp/11915/peter_bone/wellingborough
10055,David,Borrow,Labour,"South Ribble",https://www.theyworkforyou.com/mp/10055/david_borrow/south_ribble
10056,Tim,Boswell,Conservative,Daventry,https://www.theyworkforyou.com/mp/10056/tim_boswell/daventry
10057,Peter,Bottomley,Conservative,"Worthing West",https://www.theyworkforyou.com/mp/10057/peter_bottomley/worthing_west
10061,Ben,Bradshaw,Labour,Exeter,https://www.theyworkforyou.com/mp/10061/ben_bradshaw/exeter
10062,Graham,Brady,Conservative,"Altrincham and Sale West",https://www.theyworkforyou.com/mp/10062/graham_brady/altrincham_and_sale_west
10063,Tom,Brake,"Liberal Democrat","Carshalton and Wallington",https://www.theyworkforyou.com/mp/10063/tom_brake/carshalton_and_wallington
10065,Julian,Brazier,Conservative,Canterbury,https://www.theyworkforyou.com/mp/10065/julian_brazier/canterbury
10066,Colin,Breed,"Liberal Democrat","South East Cornwall",https://www.theyworkforyou.com/mp/10066/colin_breed/south_east_cornwall
10753,Kevin,Brennan,Labour,"Cardiff West",https://www.theyworkforyou.com/mp/10753/kevin_brennan/cardiff_west
11640,James,Brokenshire,Conservative,Hornchurch,https://www.theyworkforyou.com/mp/11640/james_brokenshire/hornchurch
10754,Annette,Brooke,"Liberal Democrat","Mid Dorset and North Poole",https://www.theyworkforyou.com/mp/10754/annette_brooke/mid_dorset_and_north_poole
10068,Gordon,Brown,Labour,"Kirkcaldy and Cowdenbeath",https://www.theyworkforyou.com/mp/10068/gordon_brown/kirkcaldy_and_cowdenbeath
11921,Lyn,Brown,Labour,"West Ham",https://www.theyworkforyou.com/mp/11921/lyn_brown/west_ham
10069,Nick,Brown,Labour,"Newcastle upon Tyne East and Wallsend",https://www.theyworkforyou.com/mp/10069/nick_brown/newcastle_upon_tyne_east_and_wallsend
10070,Russell,Brown,Labour,"Dumfries and Galloway",https://www.theyworkforyou.com/mp/10070/russell_brown/dumfries_and_galloway
10071,Des,Browne,Labour,"Kilmarnock and Loudoun",https://www.theyworkforyou.com/mp/10071/des_browne/kilmarnock_and_loudoun
11869,Jeremy,Browne,"Liberal Democrat",Taunton,https://www.theyworkforyou.com/mp/11869/jeremy_browne/taunton
10072,Angela,Browning,Conservative,"Tiverton and Honiton",https://www.theyworkforyou.com/mp/10072/angela_browning/tiverton_and_honiton
10074,Malcolm,Bruce,"Liberal Democrat",Gordon,https://www.theyworkforyou.com/mp/10074/malcolm_bruce/gordon
10761,Chris,Bryant,Labour,Rhondda,https://www.theyworkforyou.com/mp/10761/chris_bryant/rhondda
10075,Karen,Buck,Labour,"Regent's Park and Kensington North",https://www.theyworkforyou.com/mp/10075/karen_buck/regent%27s_park_and_kensington_north
10076,Richard,Burden,Labour,"Birmingham, Northfield",https://www.theyworkforyou.com/mp/10076/richard_burden/birmingham%2C_northfield
10077,Colin,Burgon,Labour,Elmet,https://www.theyworkforyou.com/mp/10077/colin_burgon/elmet
10766,Andy,Burnham,Labour,Leigh,https://www.theyworkforyou.com/mp/10766/andy_burnham/leigh
10079,Simon,Burns,Conservative,"West Chelmsford",https://www.theyworkforyou.com/mp/10079/simon_burns/west_chelmsford
11573,David,Burrowes,Conservative,"Enfield, Southgate",https://www.theyworkforyou.com/mp/11573/david_burrowes/enfield%2C_southgate
10080,Paul,Burstow,"Liberal Democrat","Sutton and Cheam",https://www.theyworkforyou.com/mp/10080/paul_burstow/sutton_and_cheam
10770,Alistair,Burt,Conservative,"North East Bedfordshire",https://www.theyworkforyou.com/mp/10770/alistair_burt/north_east_bedfordshire
11823,Lorely,Burt,"Liberal Democrat",Solihull,https://www.theyworkforyou.com/mp/11823/lorely_burt/solihull
11447,Dawn,Butler,Labour,"Brent South",https://www.theyworkforyou.com/mp/11447/dawn_butler/brent_south
10082,John,Butterfill,Conservative,"Bournemouth West",https://www.theyworkforyou.com/mp/10082/john_butterfill/bournemouth_west
10083,Stephen,Byers,Labour,"North Tyneside",https://www.theyworkforyou.com/mp/10083/stephen_byers/north_tyneside
11360,Liam,Byrne,Labour,"Birmingham, Hodge Hill",https://www.theyworkforyou.com/mp/11360/liam_byrne/birmingham%2C_hodge_hill
10084,Vincent,Cable,"Liberal Democrat",Twickenham,https://www.theyworkforyou.com/mp/10084/vincent_cable/twickenham
10085,Richard,Caborn,Labour,"Sheffield Central",https://www.theyworkforyou.com/mp/10085/richard_caborn/sheffield_central
10775,David,Cairns,Labour,Inverclyde,https://www.theyworkforyou.com/mp/10775/david_cairns/inverclyde
10776,Patsy,Calton,"Liberal Democrat",Cheadle,https://www.theyworkforyou.com/mp/10776/patsy_calton/cheadle
10777,David,Cameron,Conservative,Witney,https://www.theyworkforyou.com/mp/10777/david_cameron/witney
10086,Alan,Campbell,Labour,Tynemouth,https://www.theyworkforyou.com/mp/10086/alan_campbell/tynemouth
10780,Gregory,Campbell,DUP,"East Londonderry",https://www.theyworkforyou.com/mp/10780/gregory_campbell/east_londonderry
10088,Menzies,Campbell,"Liberal Democrat","North East Fife",https://www.theyworkforyou.com/mp/10088/menzies_campbell/north_east_fife
10089,Ronnie,Campbell,Labour,"Blyth Valley",https://www.theyworkforyou.com/mp/10089/ronnie_campbell/blyth_valley
10785,Alistair,Carmichael,"Liberal Democrat","Orkney and Shetland",https://www.theyworkforyou.com/mp/10785/alistair_carmichael/orkney_and_shetland
11621,Douglas,Carswell,Conservative,Harwich,https://www.theyworkforyou.com/mp/11621/douglas_carswell/harwich
10095,Bill,Cash,Conservative,Stone,https://www.theyworkforyou.com/mp/10095/bill_cash/stone
10096,Martin,Caton,Labour,Gower,https://www.theyworkforyou.com/mp/10096/martin_caton/gower
10097,Ian,Cawsey,Labour,"Brigg and Goole",https://www.theyworkforyou.com/mp/10097/ian_cawsey/brigg_and_goole
10790,Colin,Challen,Labour,"Morley and Rothwell",https://www.theyworkforyou.com/mp/10790/colin_challen/morley_and_rothwell
10098,Ben,Chapman,Labour,"Wirral South",https://www.theyworkforyou.com/mp/10098/ben_chapman/wirral_south
10100,David,Chaytor,Labour,"Bury North",https://www.theyworkforyou.com/mp/10100/david_chaytor/bury_north
10103,Christopher,Chope,Conservative,Christchurch,https://www.theyworkforyou.com/mp/10103/christopher_chope/christchurch
10105,Michael,Clapham,Labour,"Barnsley West and Penistone",https://www.theyworkforyou.com/mp/10105/michael_clapham/barnsley_west_and_penistone
10106,James,Clappison,Conservative,Hertsmere,https://www.theyworkforyou.com/mp/10106/james_clappison/hertsmere
11884,Greg,Clark,Conservative,"Tunbridge Wells",https://www.theyworkforyou.com/mp/11884/greg_clark/tunbridge_wells
11963,Katy,Clark,Labour,"North Ayrshire and Arran",https://www.theyworkforyou.com/mp/11963/katy_clark/north_ayrshire_and_arran
10112,Paul,Clark,Labour,Gillingham,https://www.theyworkforyou.com/mp/10112/paul_clark/gillingham
10113,Charles,Clarke,Labour,"Norwich South",https://www.theyworkforyou.com/mp/10113/charles_clarke/norwich_south
10115,Kenneth,Clarke,Conservative,Rushcliffe,https://www.theyworkforyou.com/mp/10115/kenneth_clarke/rushcliffe
10116,Tom,Clarke,Labour,"Coatbridge, Chryston and Bellshill",https://www.theyworkforyou.com/mp/10116/tom_clarke/coatbridge%2C_chryston_and_bellshill
11812,Nick,Clegg,"Liberal Democrat","Sheffield, Hallam",https://www.theyworkforyou.com/mp/11812/nick_clegg/sheffield%2C_hallam
10118,David,Clelland,Labour,"Tyne Bridge",https://www.theyworkforyou.com/mp/10118/david_clelland/tyne_bridge
10119,Geoffrey,Clifton-Brown,Conservative,Cotswold,https://www.theyworkforyou.com/mp/10119/geoffrey_clifton-brown/cotswold
10120,Ann,Clwyd,Labour,"Cynon Valley",https://www.theyworkforyou.com/mp/10120/ann_clwyd/cynon_valley
10121,Vernon,Coaker,Labour,Gedling,https://www.theyworkforyou.com/mp/10121/vernon_coaker/gedling
10122,Ann,Coffey,Labour,Stockport,https://www.theyworkforyou.com/mp/10122/ann_coffey/stockport
10123,Harry,Cohen,Labour,"Leyton and Wanstead",https://www.theyworkforyou.com/mp/10123/harry_cohen/leyton_and_wanstead
10128,Michael,Connarty,Labour,"Linlithgow and East Falkirk",https://www.theyworkforyou.com/mp/10128/michael_connarty/linlithgow_and_east_falkirk
10815,Derek,Conway,Conservative,"Old Bexley and Sidcup",https://www.theyworkforyou.com/mp/10815/derek_conway/old_bexley_and_sidcup
10129,Frank,Cook,Labour,"Stockton North",https://www.theyworkforyou.com/mp/10129/frank_cook/stockton_north
10130,Robin,Cook,Labour,Livingston,https://www.theyworkforyou.com/mp/10130/robin_cook/livingston
11667,Rosie,Cooper,Labour,"West Lancashire",https://www.theyworkforyou.com/mp/11667/rosie_cooper/west_lancashire
10131,Yvette,Cooper,Labour,"Pontefract and Castleford",https://www.theyworkforyou.com/mp/10131/yvette_cooper/pontefract_and_castleford
10133,Jeremy,Corbyn,Labour,"Islington North",https://www.theyworkforyou.com/mp/10133/jeremy_corbyn/islington_north
10137,Jim,Cousins,Labour,"Newcastle upon Tyne Central",https://www.theyworkforyou.com/mp/10137/jim_cousins/newcastle_upon_tyne_central
11541,Geoffrey,Cox,Conservative,"Torridge and West Devon",https://www.theyworkforyou.com/mp/11541/geoffrey_cox/torridge_and_west_devon
11768,Stephen,Crabb,Conservative,"Preseli Pembrokeshire",https://www.theyworkforyou.com/mp/11768/stephen_crabb/preseli_pembrokeshire
10141,David,Crausby,Labour,"Bolton North East",https://www.theyworkforyou.com/mp/10141/david_crausby/bolton_north_east
11898,Mary,Creagh,Labour,Wakefield,https://www.theyworkforyou.com/mp/11898/mary_creagh/wakefield
10828,Jon,Cruddas,Labour,Dagenham,https://www.theyworkforyou.com/mp/10828/jon_cruddas/dagenham
10142,Ann,Cryer,Labour,Keighley,https://www.theyworkforyou.com/mp/10142/ann_cryer/keighley
10144,John,Cummings,Labour,Easington,https://www.theyworkforyou.com/mp/10144/john_cummings/easington
10147,Jim,Cunningham,Labour,"Coventry South",https://www.theyworkforyou.com/mp/10147/jim_cunningham/coventry_south
10834,Tony,Cunningham,Labour,Workington,https://www.theyworkforyou.com/mp/10834/tony_cunningham/workington
10149,David,Curry,Conservative,"Skipton and Ripon",https://www.theyworkforyou.com/mp/10149/david_curry/skipton_and_ripon
10150,Claire,Curtis-Thomas,Labour,Crosby,https://www.theyworkforyou.com/mp/10150/claire_curtis-thomas/crosby
10153,Alistair,Darling,Labour,"Edinburgh South West",https://www.theyworkforyou.com/mp/10153/alistair_darling/edinburgh_south_west
10155,Edward,Davey,"Liberal Democrat","Kingston and Surbiton",https://www.theyworkforyou.com/mp/10155/edward_davey/kingston_and_surbiton
10842,Wayne,David,Labour,Caerphilly,https://www.theyworkforyou.com/mp/10842/wayne_david/caerphilly
10157,Ian,Davidson,Labour,"Glasgow South West",https://www.theyworkforyou.com/mp/10157/ian_davidson/glasgow_south_west
11719,David,Davies,Conservative,Monmouth,https://www.theyworkforyou.com/mp/11719/david_davies/monmouth
11816,Philip,Davies,Conservative,Shipley,https://www.theyworkforyou.com/mp/11816/philip_davies/shipley
10160,Quentin,Davies,Conservative,"Grantham and Stamford",https://www.theyworkforyou.com/mp/10160/quentin_davies/grantham_and_stamford
10162,David,Davis,Conservative,"Haltemprice and Howden",https://www.theyworkforyou.com/mp/10162/david_davis/haltemprice_and_howden
10166,Janet,Dean,Labour,Burton,https://www.theyworkforyou.com/mp/10166/janet_dean/burton
10167,John,Denham,Labour,"Southampton, Itchen",https://www.theyworkforyou.com/mp/10167/john_denham/southampton%2C_itchen
10852,Parmjit,Dhanda,Labour,Gloucester,https://www.theyworkforyou.com/mp/10852/parmjit_dhanda/gloucester
10169,Andrew,Dismore,Labour,Hendon,https://www.theyworkforyou.com/mp/10169/andrew_dismore/hendon
10854,Jonathan,Djanogly,Conservative,Huntingdon,https://www.theyworkforyou.com/mp/10854/jonathan_djanogly/huntingdon
10170,Jim,Dobbin,Labour,"Heywood and Middleton",https://www.theyworkforyou.com/mp/10170/jim_dobbin/heywood_and_middleton
10171,Frank,Dobson,Labour,"Holborn and St Pancras",https://www.theyworkforyou.com/mp/10171/frank_dobson/holborn_and_st_pancras
10857,Nigel,Dodds,DUP,"Belfast North",https://www.theyworkforyou.com/mp/10857/nigel_dodds/belfast_north
10858,Pat,Doherty,"Sinn Féin","West Tyrone",https://www.theyworkforyou.com/mp/10858/pat_doherty/west_tyrone
10172,"Jeffrey M.",Donaldson,DUP,"Lagan Valley",https://www.theyworkforyou.com/mp/10172/jeffrey_m._donaldson/lagan_valley
10173,"Brian H",Donohoe,Labour,"Central Ayrshire",https://www.theyworkforyou.com/mp/10173/brian_h_donohoe/central_ayrshire
10174,Frank,Doran,Labour,"Aberdeen North",https://www.theyworkforyou.com/mp/10174/frank_doran/aberdeen_north
10175,Stephen,Dorrell,Conservative,Charnwood,https://www.theyworkforyou.com/mp/10175/stephen_dorrell/charnwood
11397,Nadine,Dorries,Conservative,"Mid Bedfordshire",https://www.theyworkforyou.com/mp/11397/nadine_dorries/mid_bedfordshire
10176,Jim,Dowd,Labour,"Lewisham West",https://www.theyworkforyou.com/mp/10176/jim_dowd/lewisham_west
10177,David,Drew,Labour,Stroud,https://www.theyworkforyou.com/mp/10177/david_drew/stroud
11785,James,Duddridge,Conservative,"Rochford and Southend East",https://www.theyworkforyou.com/mp/11785/james_duddridge/rochford_and_southend_east
10179,Alan,Duncan,Conservative,"Rutland and Melton",https://www.theyworkforyou.com/mp/10179/alan_duncan/rutland_and_melton
10180,Iain,"Duncan Smith",Conservative,"Chingford and Woodford Green",https://www.theyworkforyou.com/mp/10180/iain_duncan_smith/chingford_and_woodford_green
11696,Philip,Dunne,Conservative,Ludlow,https://www.theyworkforyou.com/mp/11696/philip_dunne/ludlow
10181,Gwyneth,Dunwoody,Labour,"Crewe and Nantwich",https://www.theyworkforyou.com/mp/10181/gwyneth_dunwoody/crewe_and_nantwich
11589,Mark,Durkan,"Social Democratic and Labour Party",Foyle,https://www.theyworkforyou.com/mp/11589/mark_durkan/foyle
10182,Angela,Eagle,Labour,Wallasey,https://www.theyworkforyou.com/mp/10182/angela_eagle/wallasey
10183,Maria,Eagle,Labour,"Liverpool, Garston",https://www.theyworkforyou.com/mp/10183/maria_eagle/liverpool%2C_garston
10185,Clive,Efford,Labour,Eltham,https://www.theyworkforyou.com/mp/10185/clive_efford/eltham
10186,Louise,Ellman,Labour,"Liverpool, Riverside",https://www.theyworkforyou.com/mp/10186/louise_ellman/liverpool%2C_riverside
11437,Tobias,Ellwood,Conservative,"Bournemouth East",https://www.theyworkforyou.com/mp/11437/tobias_ellwood/bournemouth_east
11534,Natascha,Engel,Labour,"North East Derbyshire",https://www.theyworkforyou.com/mp/11534/natascha_engel/north_east_derbyshire
10188,Jeff,Ennis,Labour,"Barnsley East and Mexborough",https://www.theyworkforyou.com/mp/10188/jeff_ennis/barnsley_east_and_mexborough
10189,Bill,Etherington,Labour,"Sunderland North",https://www.theyworkforyou.com/mp/10189/bill_etherington/sunderland_north
10190,Nigel,Evans,Conservative,"Ribble Valley",https://www.theyworkforyou.com/mp/10190/nigel_evans/ribble_valley
11408,David,Evennett,Conservative,"Bexleyheath and Crayford",https://www.theyworkforyou.com/mp/11408/david_evennett/bexleyheath_and_crayford
10193,Michael,Fabricant,Conservative,Lichfield,https://www.theyworkforyou.com/mp/10193/michael_fabricant/lichfield
10194,Michael,Fallon,Conservative,Sevenoaks,https://www.theyworkforyou.com/mp/10194/michael_fallon/sevenoaks
10882,Paul,Farrelly,Labour,Newcastle-under-Lyme,https://www.theyworkforyou.com/mp/10882/paul_farrelly/newcastle-under-lyme
11923,Tim,Farron,"Liberal Democrat","Westmorland and Lonsdale",https://www.theyworkforyou.com/mp/11923/tim_farron/westmorland_and_lonsdale
11641,Lynne,Featherstone,"Liberal Democrat","Hornsey and Wood Green",https://www.theyworkforyou.com/mp/11641/lynne_featherstone/hornsey_and_wood_green
10197,Frank,Field,Labour,Birkenhead,https://www.theyworkforyou.com/mp/10197/frank_field/birkenhead
10884,Mark,Field,Conservative,"Cities of London and Westminster",https://www.theyworkforyou.com/mp/10884/mark_field/cities_of_london_and_westminster
10198,Mark,Fisher,Labour,"Stoke-on-Trent Central",https://www.theyworkforyou.com/mp/10198/mark_fisher/stoke-on-trent_central
10199,Jim,Fitzpatrick,Labour,"Poplar and Canning Town",https://www.theyworkforyou.com/mp/10199/jim_fitzpatrick/poplar_and_canning_town
11843,Rob,Flello,Labour,"Stoke-on-Trent South",https://www.theyworkforyou.com/mp/11843/rob_flello/stoke-on-trent_south
10202,Caroline,Flint,Labour,"Don Valley",https://www.theyworkforyou.com/mp/10202/caroline_flint/don_valley
10203,Paul,Flynn,Labour,"Newport West",https://www.theyworkforyou.com/mp/10203/paul_flynn/newport_west
10204,Barbara,Follett,Labour,Stevenage,https://www.theyworkforyou.com/mp/10204/barbara_follett/stevenage
10206,Eric,Forth,Conservative,"Bromley and Chislehurst",https://www.theyworkforyou.com/mp/10206/eric_forth/bromley_and_chislehurst
10208,Don,Foster,"Liberal Democrat",Bath,https://www.theyworkforyou.com/mp/10208/don_foster/bath
10209,Michael,Foster,Labour,Worcester,https://www.theyworkforyou.com/mp/10209/michael_foster/worcester
10210,"Michael Jabez",Foster,Labour,"Hastings and Rye",https://www.theyworkforyou.com/mp/10210/michael_jabez_foster/hastings_and_rye
10213,Liam,Fox,Conservative,Woodspring,https://www.theyworkforyou.com/mp/10213/liam_fox/woodspring
10900,Hywel,Francis,Labour,Aberavon,https://www.theyworkforyou.com/mp/10900/hywel_francis/aberavon
10901,Mark,Francois,Conservative,Rayleigh,https://www.theyworkforyou.com/mp/10901/mark_francois/rayleigh
10214,Christopher,Fraser,Conservative,"South West Norfolk",https://www.theyworkforyou.com/mp/10214/christopher_fraser/south_west_norfolk
10217,Roger,Gale,Conservative,"North Thanet",https://www.theyworkforyou.com/mp/10217/roger_gale/north_thanet
10218,George,Galloway,Respect,"Bethnal Green and Bow",https://www.theyworkforyou.com/mp/10218/george_galloway/bethnal_green_and_bow
10219,Mike,Gapes,Labour,"Ilford South",https://www.theyworkforyou.com/mp/10219/mike_gapes/ilford_south
10220,Barry,Gardiner,Labour,"Brent North",https://www.theyworkforyou.com/mp/10220/barry_gardiner/brent_north
10221,Edward,Garnier,Conservative,Harborough,https://www.theyworkforyou.com/mp/10221/edward_garnier/harborough
11633,David,Gauke,Conservative,"South West Hertfordshire",https://www.theyworkforyou.com/mp/11633/david_gauke/south_west_hertfordshire
10222,Andrew,George,"Liberal Democrat","St Ives",https://www.theyworkforyou.com/mp/10222/andrew_george/st_ives
10223,Bruce,George,Labour,"Walsall South",https://www.theyworkforyou.com/mp/10223/bruce_george/walsall_south
10224,Neil,Gerrard,Labour,Walthamstow,https://www.theyworkforyou.com/mp/10224/neil_gerrard/walthamstow
10225,Nick,Gibb,Conservative,"Bognor Regis and Littlehampton",https://www.theyworkforyou.com/mp/10225/nick_gibb/bognor_regis_and_littlehampton
10226,Ian,Gibson,Labour,"Norwich North",https://www.theyworkforyou.com/mp/10226/ian_gibson/norwich_north
10677,Sandra,Gidley,"Liberal Democrat",Romsey,https://www.theyworkforyou.com/mp/10677/sandra_gidley/romsey
10913,Michelle,Gildernew,"Sinn Féin","Fermanagh and South Tyrone",https://www.theyworkforyou.com/mp/10913/michelle_gildernew/fermanagh_and_south_tyrone
10228,Cheryl,Gillan,Conservative,"Chesham and Amersham",https://www.theyworkforyou.com/mp/10228/dame_cheryl_gillan/chesham_and_amersham
10229,Linda,Gilroy,Labour,"Plymouth, Sutton",https://www.theyworkforyou.com/mp/10229/linda_gilroy/plymouth%2C_sutton
10231,Roger,Godsiff,Labour,"Birmingham, Sparkbrook and Small Heath",https://www.theyworkforyou.com/mp/10231/roger_godsiff/birmingham%2C_sparkbrook_and_small_heath
10232,Paul,Goggins,Labour,"Wythenshawe and Sale East",https://www.theyworkforyou.com/mp/10232/paul_goggins/wythenshawe_and_sale_east
11581,Julia,Goldsworthy,"Liberal Democrat","Falmouth and Camborne",https://www.theyworkforyou.com/mp/11581/julia_goldsworthy/falmouth_and_camborne
11421,Helen,Goodman,Labour,"Bishop Auckland",https://www.theyworkforyou.com/mp/11421/helen_goodman/bishop_auckland
10918,Paul,Goodman,Conservative,Wycombe,https://www.theyworkforyou.com/mp/10918/paul_goodman/wycombe
11804,Robert,Goodwill,Conservative,"Scarborough and Whitby",https://www.theyworkforyou.com/mp/11804/robert_goodwill/scarborough_and_whitby
11858,Michael,Gove,Conservative,"Surrey Heath",https://www.theyworkforyou.com/mp/11858/michael_gove/surrey_heath
10240,James,Gray,Conservative,"North Wiltshire",https://www.theyworkforyou.com/mp/10240/james_gray/north_wiltshire
10920,Chris,Grayling,Conservative,"Epsom and Ewell",https://www.theyworkforyou.com/mp/10920/chris_grayling/epsom_and_ewell
10241,Damian,Green,Conservative,Ashford,https://www.theyworkforyou.com/mp/10241/damian_green/ashford
11771,Justine,Greening,Conservative,Putney,https://www.theyworkforyou.com/mp/11771/justine_greening/putney
10242,John,Greenway,Conservative,Ryedale,https://www.theyworkforyou.com/mp/10242/john_greenway/ryedale
10243,Dominic,Grieve,Conservative,Beaconsfield,https://www.theyworkforyou.com/mp/10243/dominic_grieve/beaconsfield
11692,Nia,Griffith,Labour,Llanelli,https://www.theyworkforyou.com/mp/11692/nia_griffith/llanelli
10245,Nigel,Griffiths,Labour,"Edinburgh South",https://www.theyworkforyou.com/mp/10245/nigel_griffiths/edinburgh_south
10248,John,Grogan,Labour,Selby,https://www.theyworkforyou.com/mp/10248/john_grogan/selby
10249,John,Gummer,Conservative,"Suffolk Coastal",https://www.theyworkforyou.com/mp/10249/john_gummer/suffolk_coastal
11531,Andrew,Gwynne,Labour,"Denton and Reddish",https://www.theyworkforyou.com/mp/11531/andrew_gwynne/denton_and_reddish
10251,William,Hague,Conservative,"Richmond (Yorks)",https://www.theyworkforyou.com/mp/10251/william_hague/richmond_%28yorks%29
10252,Peter,Hain,Labour,Neath,https://www.theyworkforyou.com/mp/10252/peter_hain/neath
10253,Mike,Hall,Labour,"Weaver Vale",https://www.theyworkforyou.com/mp/10253/mike_hall/weaver_vale
10254,Patrick,Hall,Labour,Bedford,https://www.theyworkforyou.com/mp/10254/patrick_hall/bedford
10934,David,Hamilton,Labour,Midlothian,https://www.theyworkforyou.com/mp/10934/david_hamilton/midlothian
10256,Fabian,Hamilton,Labour,"Leeds North East",https://www.theyworkforyou.com/mp/10256/fabian_hamilton/leeds_north_east
10257,Philip,Hammond,Conservative,"Runnymede and Weybridge",https://www.theyworkforyou.com/mp/10257/philip_hammond/runnymede_and_weybridge
11927,Stephen,Hammond,Conservative,Wimbledon,https://www.theyworkforyou.com/mp/11927/stephen_hammond/wimbledon
10258,Mike,Hancock,"Liberal Democrat","Portsmouth South",https://www.theyworkforyou.com/mp/10258/mike_hancock/portsmouth_south
11610,Greg,Hands,Conservative,"Hammersmith and Fulham",https://www.theyworkforyou.com/mp/11610/greg_hands/hammersmith_and_fulham
10259,David,Hanson,Labour,Delyn,https://www.theyworkforyou.com/mp/10259/david_hanson/delyn
10260,Harriet,Harman,Labour,"Camberwell and Peckham",https://www.theyworkforyou.com/mp/10260/harriet_harman/camberwell_and_peckham
11588,Mark,Harper,Conservative,"Forest of Dean",https://www.theyworkforyou.com/mp/11588/mark_harper/forest_of_dean
10261,Evan,Harris,"Liberal Democrat","Oxford West and Abingdon",https://www.theyworkforyou.com/mp/10261/evan_harris/oxford_west_and_abingdon
10941,Tom,Harris,Labour,"Glasgow South",https://www.theyworkforyou.com/mp/10941/tom_harris/glasgow_south
10262,Nick,Harvey,"Liberal Democrat","North Devon",https://www.theyworkforyou.com/mp/10262/nick_harvey/north_devon
10263,Alan,Haselhurst,Conservative,"Saffron Walden",https://www.theyworkforyou.com/mp/10263/alan_haselhurst/saffron_walden
10944,Dai,Havard,Labour,"Merthyr Tydfil and Rhymney",https://www.theyworkforyou.com/mp/10944/dai_havard/merthyr_tydfil_and_rhymney
10265,John,Hayes,Conservative,"South Holland and The Deepings",https://www.theyworkforyou.com/mp/10265/john_hayes/south_holland_and_the_deepings
10266,Sylvia,Heal,Labour,"Halesowen and Rowley Regis",https://www.theyworkforyou.com/mp/10266/sylvia_heal/halesowen_and_rowley_regis
10267,Oliver,Heald,Conservative,"North East Hertfordshire",https://www.theyworkforyou.com/mp/10267/oliver_heald/north_east_hertfordshire
10268,John,Healey,Labour,Wentworth,https://www.theyworkforyou.com/mp/10268/john_healey/wentworth
10269,David,Heath,"Liberal Democrat","Somerton and Frome",https://www.theyworkforyou.com/mp/10269/david_heath/somerton_and_frome
10271,David,Heathcoat-Amory,Conservative,Wells,https://www.theyworkforyou.com/mp/10271/david_heathcoat-amory/wells
11420,John,Hemming,"Liberal Democrat","Birmingham, Yardley",https://www.theyworkforyou.com/mp/11420/john_hemming/birmingham%2C_yardley
10272,Doug,Henderson,Labour,"Newcastle upon Tyne North",https://www.theyworkforyou.com/mp/10272/doug_henderson/newcastle_upon_tyne_north
10682,Mark,Hendrick,Labour,Preston,https://www.theyworkforyou.com/mp/10682/mark_hendrick/preston
10955,Charles,Hendry,Conservative,Wealden,https://www.theyworkforyou.com/mp/10955/charles_hendry/wealden
10274,Stephen,Hepburn,Labour,Jarrow,https://www.theyworkforyou.com/mp/10274/stephen_hepburn/jarrow
10275,John,Heppell,Labour,"Nottingham East",https://www.theyworkforyou.com/mp/10275/john_heppell/nottingham_east
11377,Nick,Herbert,Conservative,"Arundel and South Downs",https://www.theyworkforyou.com/mp/11377/nick_herbert/arundel_and_south_downs
10958,Sylvia,Hermon,UUP,"North Down",https://www.theyworkforyou.com/mp/10958/sylvia_hermon/north_down
10277,Stephen,Hesford,Labour,"Wirral West",https://www.theyworkforyou.com/mp/10277/stephen_hesford/wirral_west
10278,Patricia,Hewitt,Labour,"Leicester West",https://www.theyworkforyou.com/mp/10278/patricia_hewitt/leicester_west
10961,David,Heyes,Labour,Ashton-under-Lyne,https://www.theyworkforyou.com/mp/10961/david_heyes/ashton-under-lyne
10279,Keith,Hill,Labour,Streatham,https://www.theyworkforyou.com/mp/10279/keith_hill/streatham
11605,Meg,Hillier,Labour,"Hackney South and Shoreditch",https://www.theyworkforyou.com/mp/11605/meg_hillier/hackney_south_and_shoreditch
10964,Mark,Hoban,Conservative,Fareham,https://www.theyworkforyou.com/mp/10964/mark_hoban/fareham
10281,Margaret,Hodge,Labour,Barking,https://www.theyworkforyou.com/mp/10281/margaret_hodge/barking
11592,Sharon,Hodgson,Labour,"Gateshead East and Washington West",https://www.theyworkforyou.com/mp/11592/sharon_hodgson/gateshead_east_and_washington_west
10282,Kate,Hoey,Labour,Vauxhall,https://www.theyworkforyou.com/mp/10282/kate_hoey/vauxhall
10283,Douglas,Hogg,Conservative,"Sleaford and North Hykeham",https://www.theyworkforyou.com/mp/10283/douglas_hogg/sleaford_and_north_hykeham
11661,Philip,Hollobone,Conservative,Kettering,https://www.theyworkforyou.com/mp/11661/philip_hollobone/kettering
11599,Adam,Holloway,Conservative,Gravesham,https://www.theyworkforyou.com/mp/11599/adam_holloway/gravesham
10968,Paul,Holmes,"Liberal Democrat",Chesterfield,https://www.theyworkforyou.com/mp/10968/paul_holmes/chesterfield
10285,Jimmy,Hood,Labour,"Lanark and Hamilton East",https://www.theyworkforyou.com/mp/10285/jimmy_hood/lanark_and_hamilton_east
10286,Geoff,Hoon,Labour,Ashfield,https://www.theyworkforyou.com/mp/10286/geoff_hoon/ashfield
10287,Phil,Hope,Labour,Corby,https://www.theyworkforyou.com/mp/10287/phil_hope/corby
10288,Kelvin,Hopkins,Labour,"Luton North",https://www.theyworkforyou.com/mp/10288/kelvin_hopkins/luton_north
10289,John,Horam,Conservative,Orpington,https://www.theyworkforyou.com/mp/10289/john_horam/orpington
11494,Martin,Horwood,"Liberal Democrat",Cheltenham,https://www.theyworkforyou.com/mp/11494/martin_horwood/cheltenham
11973,Stewart,Hosie,"Scottish National Party","Dundee East",https://www.theyworkforyou.com/mp/11973/stewart_hosie/dundee_east
10290,Michael,Howard,Conservative,"Folkestone and Hythe",https://www.theyworkforyou.com/mp/10290/michael_howard/folkestone_and_hythe
11473,David,Howarth,"Liberal Democrat",Cambridge,https://www.theyworkforyou.com/mp/11473/david_howarth/cambridge
10292,George,Howarth,Labour,"Knowsley North and Sefton East",https://www.theyworkforyou.com/mp/10292/george_howarth/knowsley_north_and_sefton_east
10293,Gerald,Howarth,Conservative,Aldershot,https://www.theyworkforyou.com/mp/10293/gerald_howarth/aldershot
10294,Kim,Howells,Labour,Pontypridd,https://www.theyworkforyou.com/mp/10294/kim_howells/pontypridd
10295,Lindsay,Hoyle,Labour,Chorley,https://www.theyworkforyou.com/mp/10295/lindsay_hoyle/chorley
10296,Beverley,Hughes,Labour,"Stretford and Urmston",https://www.theyworkforyou.com/mp/10296/beverley_hughes/stretford_and_urmston
10298,Simon,Hughes,"Liberal Democrat","North Southwark and Bermondsey",https://www.theyworkforyou.com/mp/10298/simon_hughes/north_southwark_and_bermondsey
11565,Christopher,Huhne,"Liberal Democrat",Eastleigh,https://www.theyworkforyou.com/mp/11565/christopher_huhne/eastleigh
10299,Joan,Humble,Labour,"Blackpool North and Fleetwood",https://www.theyworkforyou.com/mp/10299/joan_humble/blackpool_north_and_fleetwood
11859,Jeremy,Hunt,Conservative,"South West Surrey",https://www.theyworkforyou.com/mp/11859/jeremy_hunt/south_west_surrey
11792,Nick,Hurd,Conservative,"Ruislip - Northwood",https://www.theyworkforyou.com/mp/11792/nick_hurd/ruislip_-_northwood
10303,John,Hutton,Labour,"Barrow and Furness",https://www.theyworkforyou.com/mp/10303/john_hutton/barrow_and_furness
10304,Brian,Iddon,Labour,"Bolton South East",https://www.theyworkforyou.com/mp/10304/brian_iddon/bolton_south_east
10305,Eric,Illsley,Labour,"Barnsley Central",https://www.theyworkforyou.com/mp/10305/eric_illsley/barnsley_central
10306,Adam,Ingram,Labour,"East Kilbride, Strathaven and Lesmahagow",https://www.theyworkforyou.com/mp/10306/adam_ingram/east_kilbride%2C_strathaven_and_lesmahagow
11347,Huw,Irranca-Davies,Labour,Ogmore,https://www.theyworkforyou.com/mp/11347/huw_irranca-davies/ogmore
10307,Michael,Jack,Conservative,Fylde,https://www.theyworkforyou.com/mp/10307/michael_jack/fylde
10308,Glenda,Jackson,Labour,"Hampstead and Highgate",https://www.theyworkforyou.com/mp/10308/glenda_jackson/hampstead_and_highgate
11759,Stewart,Jackson,Conservative,Peterborough,https://www.theyworkforyou.com/mp/11759/stewart_jackson/peterborough
11863,Siân,James,Labour,"Swansea East",https://www.theyworkforyou.com/mp/11863/si%C3%A2n_james/swansea_east
10312,Bernard,Jenkin,Conservative,"North Essex",https://www.theyworkforyou.com/mp/10312/bernard_jenkin/north_essex
10313,Brian,Jenkins,Labour,Tamworth,https://www.theyworkforyou.com/mp/10313/brian_jenkins/tamworth
10314,Alan,Johnson,Labour,"Kingston upon Hull West and Hessle",https://www.theyworkforyou.com/mp/10314/alan_johnson/kingston_upon_hull_west_and_hessle
10999,Boris,Johnson,Conservative,Henley,https://www.theyworkforyou.com/mp/10999/boris_johnson/henley
11647,"Diana R.",Johnson,Labour,"Kingston upon Hull North",https://www.theyworkforyou.com/mp/11647/diana_r._johnson/kingston_upon_hull_north
11506,David,Jones,Conservative,"Clwyd West",https://www.theyworkforyou.com/mp/11506/david_jones/clwyd_west
10319,Helen,Jones,Labour,"Warrington North",https://www.theyworkforyou.com/mp/10319/helen_jones/warrington_north
11003,Kevan,Jones,Labour,"North Durham",https://www.theyworkforyou.com/mp/11003/kevan_jones/north_durham
10323,Lynne,Jones,Labour,"Birmingham, Selly Oak",https://www.theyworkforyou.com/mp/10323/lynne_jones/birmingham%2C_selly_oak
10324,Martyn,Jones,Labour,"Clwyd South",https://www.theyworkforyou.com/mp/10324/martyn_jones/clwyd_south
10326,Tessa,Jowell,Labour,"Dulwich and West Norwood",https://www.theyworkforyou.com/mp/10326/tessa_jowell/dulwich_and_west_norwood
10685,Eric,Joyce,Labour,Falkirk,https://www.theyworkforyou.com/mp/10685/eric_joyce/falkirk
10327,Gerald,Kaufman,Labour,"Manchester, Gorton",https://www.theyworkforyou.com/mp/10327/gerald_kaufman/manchester%2C_gorton
11817,Daniel,Kawczynski,Conservative,"Shrewsbury and Atcham",https://www.theyworkforyou.com/mp/11817/daniel_kawczynski/shrewsbury_and_atcham
10328,Sally,Keeble,Labour,"Northampton North",https://www.theyworkforyou.com/mp/10328/sally_keeble/northampton_north
11943,Barbara,Keeley,Labour,Worsley,https://www.theyworkforyou.com/mp/11943/barbara_keeley/worsley
10329,Alan,Keen,Labour,"Feltham and Heston",https://www.theyworkforyou.com/mp/10329/alan_keen/feltham_and_heston
10330,Ann,Keen,Labour,"Brentford and Isleworth",https://www.theyworkforyou.com/mp/10330/ann_keen/brentford_and_isleworth
10331,Paul,Keetch,"Liberal Democrat",Hereford,https://www.theyworkforyou.com/mp/10331/paul_keetch/hereford
10332,Ruth,Kelly,Labour,"Bolton West",https://www.theyworkforyou.com/mp/10332/ruth_kelly/bolton_west
10333,Fraser,Kemp,Labour,"Houghton and Washington East",https://www.theyworkforyou.com/mp/10333/fraser_kemp/houghton_and_washington_east
10334,Charles,Kennedy,"Liberal Democrat","Ross, Skye and Lochaber",https://www.theyworkforyou.com/mp/10334/charles_kennedy/ross%2C_skye_and_lochaber
10335,Jane,Kennedy,Labour,"Liverpool, Wavertree",https://www.theyworkforyou.com/mp/10335/jane_kennedy/liverpool%2C_wavertree
10336,Robert,Key,Conservative,Salisbury,https://www.theyworkforyou.com/mp/10336/robert_key/salisbury
10337,"Piara S",Khabra,Labour,"Ealing, Southall",https://www.theyworkforyou.com/mp/10337/piara_s_khabra/ealing%2C_southall
11878,Sadiq,Khan,Labour,Tooting,https://www.theyworkforyou.com/mp/11878/sadiq_khan/tooting
10338,David,Kidney,Labour,Stafford,https://www.theyworkforyou.com/mp/10338/david_kidney/stafford
10339,Peter,Kilfoyle,Labour,"Liverpool, Walton",https://www.theyworkforyou.com/mp/10339/peter_kilfoyle/liverpool%2C_walton
10344,Julie,Kirkbride,Conservative,Bromsgrove,https://www.theyworkforyou.com/mp/10344/julie_kirkbride/bromsgrove
11026,Greg,Knight,Conservative,"East Yorkshire",https://www.theyworkforyou.com/mp/11026/greg_knight/east_yorkshire
11027,Jim,Knight,Labour,"South Dorset",https://www.theyworkforyou.com/mp/11027/jim_knight/south_dorset
11783,Susan,Kramer,"Liberal Democrat","Richmond Park",https://www.theyworkforyou.com/mp/11783/susan_kramer/richmond_park
10346,Ashok,Kumar,Labour,"Middlesbrough South and East Cleveland",https://www.theyworkforyou.com/mp/10346/ashok_kumar/middlesbrough_south_and_east_cleveland
10347,Stephen,Ladyman,Labour,"South Thanet",https://www.theyworkforyou.com/mp/10347/stephen_ladyman/south_thanet
10348,Eleanor,Laing,Conservative,"Epping Forest",https://www.theyworkforyou.com/mp/10348/eleanor_laing/epping_forest
10662,Jacqui,Lait,Conservative,Beckenham,https://www.theyworkforyou.com/mp/10662/jacqui_lait/beckenham
11032,Norman,Lamb,"Liberal Democrat","North Norfolk",https://www.theyworkforyou.com/mp/11032/norman_lamb/north_norfolk
10678,David,Lammy,Labour,Tottenham,https://www.theyworkforyou.com/mp/10678/david_lammy/tottenham
11715,Mark,Lancaster,Conservative,"North East Milton Keynes",https://www.theyworkforyou.com/mp/11715/mark_lancaster/north_east_milton_keynes
10349,Andrew,Lansley,Conservative,"South Cambridgeshire",https://www.theyworkforyou.com/mp/10349/andrew_lansley/south_cambridgeshire
11426,Peter,Law,Independent,"Blaenau Gwent",https://www.theyworkforyou.com/mp/11426/peter_law/blaenau_gwent
11036,David,Laws,"Liberal Democrat",Yeovil,https://www.theyworkforyou.com/mp/11036/david_laws/yeovil
10351,Bob,Laxton,Labour,"Derby North",https://www.theyworkforyou.com/mp/10351/bob_laxton/derby_north
11038,Mark,Lazarowicz,Labour,"Edinburgh North and Leith",https://www.theyworkforyou.com/mp/11038/mark_lazarowicz/edinburgh_north_and_leith
11707,John,Leech,"Liberal Democrat","Manchester, Withington",https://www.theyworkforyou.com/mp/11707/john_leech/manchester%2C_withington
10352,Edward,Leigh,Conservative,Gainsborough,https://www.theyworkforyou.com/mp/10352/edward_leigh/gainsborough
10353,David,Lepper,Labour,"Brighton, Pavilion",https://www.theyworkforyou.com/mp/10353/david_lepper/brighton%2C_pavilion
10355,Oliver,Letwin,Conservative,"West Dorset",https://www.theyworkforyou.com/mp/10355/oliver_letwin/west_dorset
10356,Tom,Levitt,Labour,"High Peak",https://www.theyworkforyou.com/mp/10356/tom_levitt/high_peak
10357,Ivan,Lewis,Labour,"Bury South",https://www.theyworkforyou.com/mp/10357/ivan_lewis/bury_south
10358,Julian,Lewis,Conservative,"New Forest East",https://www.theyworkforyou.com/mp/10358/julian_lewis/new_forest_east
11048,Ian,Liddell-Grainger,Conservative,Bridgwater,https://www.theyworkforyou.com/mp/11048/ian_liddell-grainger/bridgwater
10361,David,Lidington,Conservative,Aylesbury,https://www.theyworkforyou.com/mp/10361/david_lidington/aylesbury
10362,Peter,Lilley,Conservative,"Hitchin and Harpenden",https://www.theyworkforyou.com/mp/10362/peter_lilley/hitchin_and_harpenden
10363,Martin,Linton,Labour,Battersea,https://www.theyworkforyou.com/mp/10363/martin_linton/battersea
10367,Tony,Lloyd,Labour,"Manchester Central",https://www.theyworkforyou.com/mp/10367/tony_lloyd/manchester_central
10368,Elfyn,Llwyd,"Plaid Cymru","Meirionnydd Nant Conwy",https://www.theyworkforyou.com/mp/10368/elfyn_llwyd/meirionnydd_nant_conwy
10370,Michael,Lord,Conservative,"Central Suffolk and North Ipswich",https://www.theyworkforyou.com/mp/10370/michael_lord/central_suffolk_and_north_ipswich
10371,Tim,Loughton,Conservative,"East Worthing and Shoreham",https://www.theyworkforyou.com/mp/10371/tim_loughton/east_worthing_and_shoreham
10372,Andrew,Love,Labour,Edmonton,https://www.theyworkforyou.com/mp/10372/andrew_love/edmonton
11057,Ian,Lucas,Labour,Wrexham,https://www.theyworkforyou.com/mp/11057/ian_lucas/wrexham
10373,Peter,Luff,Conservative,"Mid Worcestershire",https://www.theyworkforyou.com/mp/10373/peter_luff/mid_worcestershire
11068,John,MacDougall,Labour,Glenrothes,https://www.theyworkforyou.com/mp/11068/john_macdougall/glenrothes
10391,Andrew,MacKay,Conservative,Bracknell,https://www.theyworkforyou.com/mp/10391/andrew_mackay/bracknell
10393,Andrew,MacKinlay,Labour,Thurrock,https://www.theyworkforyou.com/mp/10393/andrew_mackinlay/thurrock
10394,David,Maclean,Conservative,"Penrith and The Border",https://www.theyworkforyou.com/mp/10394/david_maclean/penrith_and_the_border
12004,Angus,MacNeil,"Scottish National Party","Na h-Eileanan an Iar",https://www.theyworkforyou.com/mp/12004/angus_macneil/na_h-eileanan_an_iar
10401,Denis,MacShane,Labour,Rotherham,https://www.theyworkforyou.com/mp/10401/denis_macshane/rotherham
10402,Fiona,Mactaggart,Labour,Slough,https://www.theyworkforyou.com/mp/10402/fiona_mactaggart/slough
11087,Khalid,Mahmood,Labour,"Birmingham, Perry Barr",https://www.theyworkforyou.com/mp/11087/khalid_mahmood/birmingham%2C_perry_barr
11798,Anne,Main,Conservative,"St Albans",https://www.theyworkforyou.com/mp/11798/anne_main/st_albans
11542,Shahid,Malik,Labour,Dewsbury,https://www.theyworkforyou.com/mp/11542/shahid_malik/dewsbury
10409,Humfrey,Malins,Conservative,Woking,https://www.theyworkforyou.com/mp/10409/humfrey_malins/woking
10410,Judy,Mallaber,Labour,"Amber Valley",https://www.theyworkforyou.com/mp/10410/judy_mallaber/amber_valley
11093,John,Mann,Labour,Bassetlaw,https://www.theyworkforyou.com/mp/11093/john_mann/bassetlaw
10413,John,Maples,Conservative,Stratford-on-Avon,https://www.theyworkforyou.com/mp/10413/john_maples/stratford-on-avon
11095,Rob,Marris,Labour,"Wolverhampton South West",https://www.theyworkforyou.com/mp/11095/rob_marris/wolverhampton_south_west
10415,Gordon,Marsden,Labour,"Blackpool South",https://www.theyworkforyou.com/mp/10415/gordon_marsden/blackpool_south
10417,David,Marshall,Labour,"Glasgow East",https://www.theyworkforyou.com/mp/10417/david_marshall/glasgow_east
10419,Robert,Marshall-Andrews,Labour,Medway,https://www.theyworkforyou.com/mp/10419/robert_marshall-andrews/medway
10420,Michael,Martin,Independent,"Glasgow North East",https://www.theyworkforyou.com/mp/10420/michael_martin/glasgow_north_east
10421,Eric,Martlew,Labour,Carlisle,https://www.theyworkforyou.com/mp/10421/eric_martlew/carlisle
10422,Michael,Mates,Conservative,"East Hampshire",https://www.theyworkforyou.com/mp/10422/michael_mates/east_hampshire
10423,Francis,Maude,Conservative,Horsham,https://www.theyworkforyou.com/mp/10423/francis_maude/horsham
10426,Theresa,May,Conservative,Maidenhead,https://www.theyworkforyou.com/mp/10426/theresa_may/maidenhead
10376,Thomas,McAvoy,Labour,"Rutherglen and Hamilton West",https://www.theyworkforyou.com/mp/10376/thomas_mcavoy/rutherglen_and_hamilton_west
10377,Steve,McCabe,Labour,"Birmingham, Hall Green",https://www.theyworkforyou.com/mp/10377/steve_mccabe/birmingham%2C_hall_green
10378,Chris,McCafferty,Labour,"Calder Valley",https://www.theyworkforyou.com/mp/10378/chris_mccafferty/calder_valley
11455,Kerry,McCarthy,Labour,"Bristol East",https://www.theyworkforyou.com/mp/11455/kerry_mccarthy/bristol_east
11766,Sarah,McCarthy-Fry,Labour,"Portsmouth North",https://www.theyworkforyou.com/mp/11766/sarah_mccarthy-fry/portsmouth_north
10379,Ian,McCartney,Labour,Makerfield,https://www.theyworkforyou.com/mp/10379/ian_mccartney/makerfield
10679,William,McCrea,DUP,"South Antrim",https://www.theyworkforyou.com/mp/10679/william_mccrea/south_antrim
10381,Siobhain,McDonagh,Labour,"Mitcham and Morden",https://www.theyworkforyou.com/mp/10381/siobhain_mcdonagh/mitcham_and_morden
11402,Alasdair,McDonnell,"Social Democratic and Labour Party","Belfast South",https://www.theyworkforyou.com/mp/11402/alasdair_mcdonnell/belfast_south
10383,"John Martin",McDonnell,Labour,"Hayes and Harlington",https://www.theyworkforyou.com/mp/10383/john_martin_mcdonnell/hayes_and_harlington
11936,Pat,McFadden,Labour,"Wolverhampton South East",https://www.theyworkforyou.com/mp/11936/pat_mcfadden/wolverhampton_south_east
10384,John,McFall,Labour,"West Dunbartonshire",https://www.theyworkforyou.com/mp/10384/john_mcfall/west_dunbartonshire
11974,Jim,McGovern,Labour,"Dundee West",https://www.theyworkforyou.com/mp/11974/jim_mcgovern/dundee_west
10385,Eddie,McGrady,"Social Democratic and Labour Party","South Down",https://www.theyworkforyou.com/mp/10385/eddie_mcgrady/south_down
10387,Martin,McGuinness,"Sinn Féin","Mid Ulster",https://www.theyworkforyou.com/mp/10387/martin_mcguinness/mid_ulster
10388,Anne,McGuire,Labour,Stirling,https://www.theyworkforyou.com/mp/10388/anne_mcguire/stirling
10389,Anne,McIntosh,Conservative,"Vale of York",https://www.theyworkforyou.com/mp/10389/anne_mcintosh/vale_of_york
10390,Shona,McIsaac,Labour,Cleethorpes,https://www.theyworkforyou.com/mp/10390/shona_mcisaac/cleethorpes
11076,Ann,McKechin,Labour,"Glasgow North",https://www.theyworkforyou.com/mp/11076/ann_mckechin/glasgow_north
10392,Rosemary,McKenna,Labour,"Cumbernauld, Kilsyth and Kirkintilloch East",https://www.theyworkforyou.com/mp/10392/rosemary_mckenna/cumbernauld%2C_kilsyth_and_kirkintilloch_east
10397,Patrick,McLoughlin,Conservative,"West Derbyshire",https://www.theyworkforyou.com/mp/10397/patrick_mcloughlin/west_derbyshire
10400,Tony,McNulty,Labour,"Harrow East",https://www.theyworkforyou.com/mp/10400/tony_mcnulty/harrow_east
10427,Michael,Meacher,Labour,"Oldham West and Royton",https://www.theyworkforyou.com/mp/10427/michael_meacher/oldham_west_and_royton
10428,Alan,Meale,Labour,Mansfield,https://www.theyworkforyou.com/mp/10428/alan_meale/mansfield
11109,Patrick,Mercer,Conservative,Newark,https://www.theyworkforyou.com/mp/11109/patrick_mercer/newark
10430,Gillian,Merron,Labour,Lincoln,https://www.theyworkforyou.com/mp/10430/gillian_merron/lincoln
10431,Alun,Michael,Labour,"Cardiff South and Penarth",https://www.theyworkforyou.com/mp/10431/alun_michael/cardiff_south_and_penarth
10434,Alan,Milburn,Labour,Darlington,https://www.theyworkforyou.com/mp/10434/alan_milburn/darlington
11113,David,Miliband,Labour,"South Shields",https://www.theyworkforyou.com/mp/11113/david_miliband/south_shields
11545,Ed,Miliband,Labour,"Doncaster North",https://www.theyworkforyou.com/mp/11545/ed_miliband/doncaster_north
10435,Andrew,Miller,Labour,"Ellesmere Port and Neston",https://www.theyworkforyou.com/mp/10435/andrew_miller/ellesmere_port_and_neston
11389,Maria,Miller,Conservative,Basingstoke,https://www.theyworkforyou.com/mp/11389/maria_miller/basingstoke
11603,Anne,Milton,Conservative,Guildford,https://www.theyworkforyou.com/mp/11603/anne_milton/guildford
11115,Andrew,Mitchell,Conservative,"Sutton Coldfield",https://www.theyworkforyou.com/mp/11115/andrew_mitchell/sutton_coldfield
10436,Austin,Mitchell,Labour,"Great Grimsby",https://www.theyworkforyou.com/mp/10436/austin_mitchell/great_grimsby
11156,Anne,Moffat,Labour,"East Lothian",https://www.theyworkforyou.com/mp/11156/anne_moffat/east_lothian
10437,Laura,Moffatt,Labour,Crawley,https://www.theyworkforyou.com/mp/10437/laura_moffatt/crawley
11346,Chris,Mole,Labour,Ipswich,https://www.theyworkforyou.com/mp/11346/chris_mole/ipswich
11450,Madeleine,Moon,Labour,Bridgend,https://www.theyworkforyou.com/mp/11450/madeleine_moon/bridgend
10439,Michael,Moore,"Liberal Democrat","Berwickshire, Roxburgh and Selkirk",https://www.theyworkforyou.com/mp/10439/michael_moore/berwickshire%2C_roxburgh_and_selkirk
10440,Margaret,Moran,Labour,"Luton South",https://www.theyworkforyou.com/mp/10440/margaret_moran/luton_south
11732,Jessica,Morden,Labour,"Newport East",https://www.theyworkforyou.com/mp/11732/jessica_morden/newport_east
10442,Julie,Morgan,Labour,"Cardiff North",https://www.theyworkforyou.com/mp/10442/julie_morgan/cardiff_north
10444,Elliot,Morley,Labour,Scunthorpe,https://www.theyworkforyou.com/mp/10444/elliot_morley/scunthorpe
10447,Malcolm,Moss,Conservative,"North East Cambridgeshire",https://www.theyworkforyou.com/mp/10447/malcolm_moss/north_east_cambridgeshire
10448,Kali,Mountford,Labour,"Colne Valley",https://www.theyworkforyou.com/mp/10448/kali_mountford/colne_valley
10450,George,Mudie,Labour,"Leeds East",https://www.theyworkforyou.com/mp/10450/george_mudie/leeds_east
11672,Greg,Mulholland,"Liberal Democrat","Leeds North West",https://www.theyworkforyou.com/mp/11672/greg_mulholland/leeds_north_west
10451,Chris,Mullin,Labour,"Sunderland South",https://www.theyworkforyou.com/mp/10451/chris_mullin/sunderland_south
11970,David,Mundell,Conservative,"Dumfriesshire, Clydesdale and Tweeddale",https://www.theyworkforyou.com/mp/11970/david_mundell/dumfriesshire%2C_clydesdale_and_tweeddale
11128,Meg,Munn,Labour,"Sheffield, Heeley",https://www.theyworkforyou.com/mp/11128/meg_munn/sheffield%2C_heeley
11734,Conor,Murphy,"Sinn Féin","Newry and Armagh",https://www.theyworkforyou.com/mp/11734/conor_murphy/newry_and_armagh
10452,Denis,Murphy,Labour,Wansbeck,https://www.theyworkforyou.com/mp/10452/denis_murphy/wansbeck
10453,Jim,Murphy,Labour,"East Renfrewshire",https://www.theyworkforyou.com/mp/10453/jim_murphy/east_renfrewshire
10454,Paul,Murphy,Labour,Torfaen,https://www.theyworkforyou.com/mp/10454/paul_murphy/torfaen
11132,Andrew,Murrison,Conservative,Westbury,https://www.theyworkforyou.com/mp/11132/andrew_murrison/westbury
10455,Doug,Naysmith,Labour,"Bristol North West",https://www.theyworkforyou.com/mp/10455/doug_naysmith/bristol_north_west
11443,Brooks,Newmark,Conservative,Braintree,https://www.theyworkforyou.com/mp/11443/brooks_newmark/braintree
10458,Dan,Norris,Labour,Wansdyke,https://www.theyworkforyou.com/mp/10458/dan_norris/wansdyke
10461,Mike,O'Brien,Labour,"North Warwickshire",https://www.theyworkforyou.com/mp/10461/mike_o%27brien/north_warwickshire
10670,Stephen,O'Brien,Conservative,Eddisbury,https://www.theyworkforyou.com/mp/10670/stephen_o%27brien/eddisbury
10462,Edward,O'Hara,Labour,"Knowsley South",https://www.theyworkforyou.com/mp/10462/edward_o%27hara/knowsley_south
10459,Mark,Oaten,"Liberal Democrat",Winchester,https://www.theyworkforyou.com/mp/10459/mark_oaten/winchester
10463,Bill,Olner,Labour,Nuneaton,https://www.theyworkforyou.com/mp/10463/bill_olner/nuneaton
10465,Lembit,Öpik,"Liberal Democrat",Montgomeryshire,https://www.theyworkforyou.com/mp/10465/lembit_%C3%96pik/montgomeryshire
11145,George,Osborne,Conservative,Tatton,https://www.theyworkforyou.com/mp/11145/george_osborne/tatton
10467,Sandra,Osborne,Labour,"Ayr, Carrick and Cumnock",https://www.theyworkforyou.com/mp/10467/sandra_osborne/ayr%2C_carrick_and_cumnock
10468,Richard,Ottaway,Conservative,"Croydon South",https://www.theyworkforyou.com/mp/10468/richard_ottaway/croydon_south
11148,Albert,Owen,Labour,"Ynys Môn",https://www.theyworkforyou.com/mp/11148/albert_owen/ynys_mon
10470,James,Paice,Conservative,"South East Cambridgeshire",https://www.theyworkforyou.com/mp/10470/james_paice/south_east_cambridgeshire
10471,Ian,Paisley,DUP,"North Antrim",https://www.theyworkforyou.com/mp/10471/ian_paisley/north_antrim
10472,Nick,Palmer,Labour,Broxtowe,https://www.theyworkforyou.com/mp/10472/nick_palmer/broxtowe
10473,Owen,Paterson,Conservative,"North Shropshire",https://www.theyworkforyou.com/mp/10473/owen_paterson/north_shropshire
10474,Ian,Pearson,Labour,"Dudley South",https://www.theyworkforyou.com/mp/10474/ian_pearson/dudley_south
11522,Andrew,Pelling,Conservative,"Croydon Central",https://www.theyworkforyou.com/mp/11522/andrew_pelling/croydon_central
11626,Mike,Penning,Conservative,"Hemel Hempstead",https://www.theyworkforyou.com/mp/11626/mike_penning/hemel_hempstead
11924,John,Penrose,Conservative,Weston-Super-Mare,https://www.theyworkforyou.com/mp/11924/john_penrose/weston-super-mare
10477,Eric,Pickles,Conservative,"Brentwood and Ongar",https://www.theyworkforyou.com/mp/10477/eric_pickles/brentwood_and_ongar
10480,James,Plaskitt,Labour,"Warwick and Leamington",https://www.theyworkforyou.com/mp/10480/james_plaskitt/warwick_and_leamington
10483,Greg,Pope,Labour,Hyndburn,https://www.theyworkforyou.com/mp/10483/greg_pope/hyndburn
10484,Steve,Pound,Labour,"Ealing North",https://www.theyworkforyou.com/mp/10484/steve_pound/ealing_north
10486,Bridget,Prentice,Labour,"Lewisham East",https://www.theyworkforyou.com/mp/10486/bridget_prentice/lewisham_east
10487,Gordon,Prentice,Labour,Pendle,https://www.theyworkforyou.com/mp/10487/gordon_prentice/pendle
10488,John,Prescott,Labour,"Kingston upon Hull East",https://www.theyworkforyou.com/mp/10488/john_prescott/kingston_upon_hull_east
11170,Adam,Price,"Plaid Cymru","Carmarthen East and Dinefwr",https://www.theyworkforyou.com/mp/11170/adam_price/carmarthen_east_and_dinefwr
10489,Dawn,Primarolo,Labour,"Bristol South",https://www.theyworkforyou.com/mp/10489/dawn_primarolo/bristol_south
11172,Mark,Prisk,Conservative,"Hertford and Stortford",https://www.theyworkforyou.com/mp/11172/mark_prisk/hertford_and_stortford
11946,Mark,Pritchard,Conservative,"The Wrekin",https://www.theyworkforyou.com/mp/11946/mark_pritchard/the_wrekin
10491,Gwyn,Prosser,Labour,Dover,https://www.theyworkforyou.com/mp/10491/gwyn_prosser/dover
11174,John,Pugh,"Liberal Democrat",Southport,https://www.theyworkforyou.com/mp/11174/john_pugh/southport
10492,Ken,Purchase,Labour,"Wolverhampton North East",https://www.theyworkforyou.com/mp/10492/ken_purchase/wolverhampton_north_east
11176,James,Purnell,Labour,"Stalybridge and Hyde",https://www.theyworkforyou.com/mp/11176/james_purnell/stalybridge_and_hyde
10496,Bill,Rammell,Labour,Harlow,https://www.theyworkforyou.com/mp/10496/bill_rammell/harlow
10660,John,Randall,Conservative,Uxbridge,https://www.theyworkforyou.com/mp/10660/john_randall/uxbridge
10498,Nick,Raynsford,Labour,"Greenwich and Woolwich",https://www.theyworkforyou.com/mp/10498/nick_raynsford/greenwich_and_woolwich
10499,John,Redwood,Conservative,Wokingham,https://www.theyworkforyou.com/mp/10499/john_redwood/wokingham
10500,Andy,Reed,Labour,Loughborough,https://www.theyworkforyou.com/mp/10500/andy_reed/loughborough
11511,Jamie,Reed,Labour,Copeland,https://www.theyworkforyou.com/mp/11511/jamie_reed/copeland
11185,Alan,Reid,"Liberal Democrat","Argyll and Bute",https://www.theyworkforyou.com/mp/11185/alan_reid/argyll_and_bute
10501,John,Reid,Labour,"Airdrie and Shotts",https://www.theyworkforyou.com/mp/10501/john_reid/airdrie_and_shotts
11660,Malcolm,Rifkind,Conservative,"Kensington and Chelsea",https://www.theyworkforyou.com/mp/11660/malcolm_rifkind/kensington_and_chelsea
11607,Linda,Riordan,Labour,Halifax,https://www.theyworkforyou.com/mp/11607/linda_riordan/halifax
10503,Andrew,Robathan,Conservative,Blaby,https://www.theyworkforyou.com/mp/10503/andrew_robathan/blaby
11189,Angus,Robertson,"Scottish National Party",Moray,https://www.theyworkforyou.com/mp/11189/angus_robertson/moray
11190,Hugh,Robertson,Conservative,"Faversham and Mid Kent",https://www.theyworkforyou.com/mp/11190/hugh_robertson/faversham_and_mid_kent
10684,John,Robertson,Labour,"Glasgow North West",https://www.theyworkforyou.com/mp/10684/john_robertson/glasgow_north_west
10505,Laurence,Robertson,Conservative,Tewkesbury,https://www.theyworkforyou.com/mp/10505/laurence_robertson/tewkesbury
10506,Geoffrey,Robinson,Labour,"Coventry North West",https://www.theyworkforyou.com/mp/10506/geoffrey_robinson/coventry_north_west
11194,Iris,Robinson,DUP,Strangford,https://www.theyworkforyou.com/mp/11194/iris_robinson/strangford
10507,Peter,Robinson,DUP,"Belfast East",https://www.theyworkforyou.com/mp/10507/peter_robinson/belfast_east
11513,Dan,Rogerson,"Liberal Democrat","North Cornwall",https://www.theyworkforyou.com/mp/11513/dan_rogerson/north_cornwall
10512,Terry,Rooney,Labour,"Bradford North",https://www.theyworkforyou.com/mp/10512/terry_rooney/bradford_north
11199,Andrew,Rosindell,Conservative,Romford,https://www.theyworkforyou.com/mp/11199/andrew_rosindell/romford
11784,Paul,Rowen,"Liberal Democrat",Rochdale,https://www.theyworkforyou.com/mp/11784/paul_rowen/rochdale
10517,Frank,Roy,Labour,"Motherwell and Wishaw",https://www.theyworkforyou.com/mp/10517/frank_roy/motherwell_and_wishaw
10518,Chris,Ruane,Labour,"Vale of Clwyd",https://www.theyworkforyou.com/mp/10518/chris_ruane/vale_of_clwyd
10519,Joan,Ruddock,Labour,"Lewisham, Deptford",https://www.theyworkforyou.com/mp/10519/joan_ruddock/lewisham%2C_deptford
10520,David,Ruffley,Conservative,"Bury St Edmunds",https://www.theyworkforyou.com/mp/10520/david_ruffley/bury_st_edmunds
10521,Bob,Russell,"Liberal Democrat",Colchester,https://www.theyworkforyou.com/mp/10521/bob_russell/colchester
10522,Christine,Russell,Labour,"City of Chester",https://www.theyworkforyou.com/mp/10522/christine_russell/city_of_chester
10523,Joan,Ryan,Labour,"Enfield North",https://www.theyworkforyou.com/mp/10523/joan_ryan/enfield_north
10525,Alex,Salmond,"Scottish National Party","Banff and Buchan",https://www.theyworkforyou.com/mp/10525/alex_salmond/banff_and_buchan
10526,Martin,Salter,Labour,"Reading West",https://www.theyworkforyou.com/mp/10526/martin_salter/reading_west
10527,Adrian,Sanders,"Liberal Democrat",Torbay,https://www.theyworkforyou.com/mp/10527/adrian_sanders/torbay
10528,Mohammad,Sarwar,Labour,"Glasgow Central",https://www.theyworkforyou.com/mp/10528/mohammad_sarwar/glasgow_central
11651,Lee,Scott,Conservative,"Ilford North",https://www.theyworkforyou.com/mp/11651/lee_scott/ilford_north
11760,Alison,Seabeck,Labour,"Plymouth, Devonport",https://www.theyworkforyou.com/mp/11760/alison_seabeck/plymouth%2C_devonport
11216,Andrew,Selous,Conservative,"South West Bedfordshire",https://www.theyworkforyou.com/mp/11216/andrew_selous/south_west_bedfordshire
11917,Grant,Shapps,Conservative,"Welwyn Hatfield",https://www.theyworkforyou.com/mp/11917/grant_shapps/welwyn_hatfield
10533,"Jonathan R",Shaw,Labour,"Chatham and Aylesford",https://www.theyworkforyou.com/mp/10533/jonathan_r_shaw/chatham_and_aylesford
10534,Barry,Sheerman,Labour,Huddersfield,https://www.theyworkforyou.com/mp/10534/barry_sheerman/huddersfield
10537,Richard,Shepherd,Conservative,Aldridge-Brownhills,https://www.theyworkforyou.com/mp/10537/richard_shepherd/aldridge-brownhills
11221,Jim,Sheridan,Labour,"Paisley and Renfrewshire North",https://www.theyworkforyou.com/mp/11221/jim_sheridan/paisley_and_renfrewshire_north
10540,Clare,Short,Labour,"Birmingham, Ladywood",https://www.theyworkforyou.com/mp/10540/clare_short/birmingham%2C_ladywood
11224,Mark,Simmonds,Conservative,"Boston and Skegness",https://www.theyworkforyou.com/mp/11224/mark_simmonds/boston_and_skegness
11225,Siôn,Simon,Labour,"Birmingham, Erdington",https://www.theyworkforyou.com/mp/11225/sion_simon/birmingham%2C_erdington
10541,Alan,Simpson,Labour,"Nottingham South",https://www.theyworkforyou.com/mp/10541/alan_simpson/nottingham_south
11892,David,Simpson,DUP,"Upper Bann",https://www.theyworkforyou.com/mp/11892/david_simpson/upper_bann
10542,Keith,Simpson,Conservative,"Mid Norfolk",https://www.theyworkforyou.com/mp/10542/keith_simpson/mid_norfolk
10543,Marsha,Singh,Labour,"Bradford West",https://www.theyworkforyou.com/mp/10543/marsha_singh/bradford_west
10544,Dennis,Skinner,Labour,Bolsover,https://www.theyworkforyou.com/mp/10544/dennis_skinner/bolsover
11559,Andrew,Slaughter,Labour,"Ealing, Acton and Shepherd's Bush",https://www.theyworkforyou.com/mp/11559/andrew_slaughter/ealing%2C_acton_and_shepherd%27s_bush
10545,Andrew,Smith,Labour,"Oxford East",https://www.theyworkforyou.com/mp/10545/andrew_smith/oxford_east
11814,Angela,Smith,Labour,"Sheffield, Hillsborough",https://www.theyworkforyou.com/mp/11814/angela_smith/sheffield%2C_hillsborough
10546,Angela,Smith,Labour,Basildon,https://www.theyworkforyou.com/mp/10546/angela_smith/basildon
10548,Geraldine,Smith,Labour,"Morecambe and Lunesdale",https://www.theyworkforyou.com/mp/10548/geraldine_smith/morecambe_and_lunesdale
10549,Jacqui,Smith,Labour,Redditch,https://www.theyworkforyou.com/mp/10549/jacqui_smith/redditch
10550,John,Smith,Labour,"Vale of Glamorgan",https://www.theyworkforyou.com/mp/10550/john_smith/vale_of_glamorgan
10552,Robert,Smith,"Liberal Democrat","West Aberdeenshire and Kincardine",https://www.theyworkforyou.com/mp/10552/robert_smith/west_aberdeenshire_and_kincardine
11866,Anne,Snelgrove,Labour,"South Swindon",https://www.theyworkforyou.com/mp/11866/anne_snelgrove/south_swindon
10555,Nicholas,Soames,Conservative,"Mid Sussex",https://www.theyworkforyou.com/mp/10555/nicholas_soames/mid_sussex
11675,Peter,Soulsby,Labour,"Leicester South",https://www.theyworkforyou.com/mp/11675/peter_soulsby/leicester_south
10557,Helen,Southworth,Labour,"Warrington South",https://www.theyworkforyou.com/mp/10557/helen_southworth/warrington_south
10558,John,Spellar,Labour,Warley,https://www.theyworkforyou.com/mp/10558/john_spellar/warley
10559,Caroline,Spelman,Conservative,Meriden,https://www.theyworkforyou.com/mp/10559/caroline_spelman/meriden
10560,Michael,Spicer,Conservative,"West Worcestershire",https://www.theyworkforyou.com/mp/10560/michael_spicer/west_worcestershire
11245,Bob,Spink,Conservative,"Castle Point",https://www.theyworkforyou.com/mp/11245/bob_spink/castle_point
10561,Richard,Spring,Conservative,"West Suffolk",https://www.theyworkforyou.com/mp/10561/richard_spring/west_suffolk
10562,Rachel,Squire,Labour,"Dunfermline and West Fife",https://www.theyworkforyou.com/mp/10562/rachel_squire/dunfermline_and_west_fife
10563,John,Stanley,Conservative,"Tonbridge and Malling",https://www.theyworkforyou.com/mp/10563/john_stanley/tonbridge_and_malling
10564,Phyllis,Starkey,Labour,"Milton Keynes South West",https://www.theyworkforyou.com/mp/10564/phyllis_starkey/milton_keynes_south_west
10565,Anthony,Steen,Conservative,Totnes,https://www.theyworkforyou.com/mp/10565/anthony_steen/totnes
10569,Ian,Stewart,Labour,Eccles,https://www.theyworkforyou.com/mp/10569/ian_stewart/eccles
10571,Howard,Stoate,Labour,Dartford,https://www.theyworkforyou.com/mp/10571/howard_stoate/dartford
10573,Gavin,Strang,Labour,"Edinburgh East",https://www.theyworkforyou.com/mp/10573/gavin_strang/edinburgh_east
10574,Jack,Straw,Labour,Blackburn,https://www.theyworkforyou.com/mp/10574/jack_straw/blackburn
10575,Gary,Streeter,Conservative,"South West Devon",https://www.theyworkforyou.com/mp/10575/gary_streeter/south_west_devon
10576,Graham,Stringer,Labour,"Manchester, Blackley",https://www.theyworkforyou.com/mp/10576/graham_stringer/manchester%2C_blackley
10577,Gisela,Stuart,Labour,"Birmingham, Edgbaston",https://www.theyworkforyou.com/mp/10577/gisela_stuart/birmingham%2C_edgbaston
11406,Graham,Stuart,Conservative,"Beverley and Holderness",https://www.theyworkforyou.com/mp/11406/graham_stuart/beverley_and_holderness
10578,Andrew,Stunell,"Liberal Democrat","Hazel Grove",https://www.theyworkforyou.com/mp/10578/andrew_stunell/hazel_grove
10579,Gerry,Sutcliffe,Labour,"Bradford South",https://www.theyworkforyou.com/mp/10579/gerry_sutcliffe/bradford_south
10580,Desmond,Swayne,Conservative,"New Forest West",https://www.theyworkforyou.com/mp/10580/desmond_swayne/new_forest_west
11971,Jo,Swinson,"Liberal Democrat","East Dunbartonshire",https://www.theyworkforyou.com/mp/11971/jo_swinson/east_dunbartonshire
11265,Hugo,Swire,Conservative,"East Devon",https://www.theyworkforyou.com/mp/11265/hugo_swire/east_devon
10582,Robert,Syms,Conservative,Poole,https://www.theyworkforyou.com/mp/10582/robert_syms/poole
11267,Mark,Tami,Labour,"Alyn and Deeside",https://www.theyworkforyou.com/mp/11267/mark_tami/alyn_and_deeside
10583,Peter,Tapsell,Conservative,"Louth and Horncastle",https://www.theyworkforyou.com/mp/10583/peter_tapsell/louth_and_horncastle
10585,Dari,Taylor,Labour,"Stockton South",https://www.theyworkforyou.com/mp/10585/dari_taylor/stockton_south
10586,David,Taylor,Labour,"North West Leicestershire",https://www.theyworkforyou.com/mp/10586/david_taylor/north_west_leicestershire
10587,Ian,Taylor,Conservative,"Esher and Walton",https://www.theyworkforyou.com/mp/10587/ian_taylor/esher_and_walton
10590,Matthew,Taylor,"Liberal Democrat","Truro and St Austell",https://www.theyworkforyou.com/mp/10590/matthew_taylor/truro_and_st_austell
11275,Richard,Taylor,Independent,"Wyre Forest",https://www.theyworkforyou.com/mp/11275/richard_taylor/wyre_forest
11350,Sarah,Teather,"Liberal Democrat","Brent East",https://www.theyworkforyou.com/mp/11350/sarah_teather/brent_east
10594,Gareth,Thomas,Labour,"Harrow West",https://www.theyworkforyou.com/mp/10594/gareth_thomas/harrow_west
11656,Emily,Thornberry,Labour,"Islington South and Finsbury",https://www.theyworkforyou.com/mp/11656/emily_thornberry/islington_south_and_finsbury
11280,John,Thurso,"Liberal Democrat","Caithness, Sutherland and Easter Ross",https://www.theyworkforyou.com/mp/11280/john_thurso/caithness%2C_sutherland_and_easter_ross
10596,Stephen,Timms,Labour,"East Ham",https://www.theyworkforyou.com/mp/10596/stephen_timms/east_ham
10597,Paddy,Tipping,Labour,Sherwood,https://www.theyworkforyou.com/mp/10597/paddy_tipping/sherwood
10598,Mark,Todd,Labour,"South Derbyshire",https://www.theyworkforyou.com/mp/10598/mark_todd/south_derbyshire
10600,Don,Touhig,Labour,Islwyn,https://www.theyworkforyou.com/mp/10600/don_touhig/islwyn
10602,David,Tredinnick,Conservative,Bosworth,https://www.theyworkforyou.com/mp/10602/david_tredinnick/bosworth
10604,Jon,Trickett,Labour,Hemsworth,https://www.theyworkforyou.com/mp/10604/jon_trickett/hemsworth
10606,Paul,Truswell,Labour,Pudsey,https://www.theyworkforyou.com/mp/10606/paul_truswell/pudsey
11291,Andrew,Turner,Conservative,"Isle of Wight",https://www.theyworkforyou.com/mp/11291/andrew_turner/isle_of_wight
10608,Desmond,Turner,Labour,"Brighton, Kemptown",https://www.theyworkforyou.com/mp/10608/desmond_turner/brighton%2C_kemptown
10672,Neil,Turner,Labour,Wigan,https://www.theyworkforyou.com/mp/10672/neil_turner/wigan
10610,Derek,Twigg,Labour,Halton,https://www.theyworkforyou.com/mp/10610/derek_twigg/halton
10613,Andrew,Tyrie,Conservative,Chichester,https://www.theyworkforyou.com/mp/10613/andrew_tyrie/chichester
11464,Kitty,Ussher,Labour,Burnley,https://www.theyworkforyou.com/mp/11464/kitty_ussher/burnley
11905,Ed,Vaizey,Conservative,Wantage,https://www.theyworkforyou.com/mp/11905/ed_vaizey/wantage
11475,Shailesh,Vara,Conservative,"North West Cambridgeshire",https://www.theyworkforyou.com/mp/11475/shailesh_vara/north_west_cambridgeshire
10614,Keith,Vaz,Labour,"Leicester East",https://www.theyworkforyou.com/mp/10614/keith_vaz/leicester_east
10615,Peter,Viggers,Conservative,Gosport,https://www.theyworkforyou.com/mp/10615/peter_viggers/gosport
11500,Theresa,Villiers,Conservative,"Chipping Barnet",https://www.theyworkforyou.com/mp/11500/theresa_villiers/chipping_barnet
10616,Rudi,Vis,Labour,"Finchley and Golders Green",https://www.theyworkforyou.com/mp/10616/rudi_vis/finchley_and_golders_green
11461,Charles,Walker,Conservative,Broxbourne,https://www.theyworkforyou.com/mp/11461/charles_walker/broxbourne
11668,Ben,Wallace,Conservative,"Lancaster and Wyre",https://www.theyworkforyou.com/mp/11668/ben_wallace/lancaster_and_wyre
10619,Joan,Walley,Labour,"Stoke-on-Trent North",https://www.theyworkforyou.com/mp/10619/joan_walley/stoke-on-trent_north
10620,Robert,Walter,Conservative,"North Dorset",https://www.theyworkforyou.com/mp/10620/robert_walter/north_dorset
11845,Lynda,Waltho,Labour,Stourbridge,https://www.theyworkforyou.com/mp/11845/lynda_waltho/stourbridge
10621,Claire,Ward,Labour,Watford,https://www.theyworkforyou.com/mp/10621/claire_ward/watford
10623,Robert,Wareing,Labour,"Liverpool, West Derby",https://www.theyworkforyou.com/mp/10623/robert_wareing/liverpool%2C_west_derby
10624,Nigel,Waterson,Conservative,Eastbourne,https://www.theyworkforyou.com/mp/10624/nigel_waterson/eastbourne
11308,Angela,Watkinson,Conservative,Upminster,https://www.theyworkforyou.com/mp/11308/angela_watkinson/upminster
11309,Tom,Watson,Labour,"West Bromwich East",https://www.theyworkforyou.com/mp/11309/tom_watson/west_bromwich_east
10625,Dave,Watts,Labour,"St Helens North",https://www.theyworkforyou.com/mp/10625/dave_watts/st_helens_north
10626,Steve,Webb,"Liberal Democrat",Northavon,https://www.theyworkforyou.com/mp/10626/steve_webb/northavon
11312,Michael,Weir,"Scottish National Party",Angus,https://www.theyworkforyou.com/mp/11312/michael_weir/angus
10630,Alan,Whitehead,Labour,"Southampton, Test",https://www.theyworkforyou.com/mp/10630/alan_whitehead/southampton%2C_test
10632,John,Whittingdale,Conservative,"Maldon and East Chelmsford",https://www.theyworkforyou.com/mp/10632/john_whittingdale/maldon_and_east_chelmsford
10633,Malcolm,Wicks,Labour,"Croydon North",https://www.theyworkforyou.com/mp/10633/malcolm_wicks/croydon_north
10634,Ann,Widdecombe,Conservative,"Maidstone and The Weald",https://www.theyworkforyou.com/mp/10634/ann_widdecombe/maidstone_and_the_weald
11318,Bill,Wiggin,Conservative,Leominster,https://www.theyworkforyou.com/mp/11318/bill_wiggin/leominster
10637,David,Willetts,Conservative,Havant,https://www.theyworkforyou.com/mp/10637/david_willetts/havant
10639,Alan,Williams,Labour,"Swansea West",https://www.theyworkforyou.com/mp/10639/alan_williams/swansea_west
10640,Betty,Williams,Labour,Conwy,https://www.theyworkforyou.com/mp/10640/betty_williams/conwy
11323,Hywel,Williams,"Plaid Cymru",Caernarfon,https://www.theyworkforyou.com/mp/11323/hywel_williams/caernarfon
11489,Mark,Williams,"Liberal Democrat",Ceredigion,https://www.theyworkforyou.com/mp/11489/mark_williams/ceredigion
11324,Roger,Williams,"Liberal Democrat","Brecon and Radnorshire",https://www.theyworkforyou.com/mp/11324/roger_williams/brecon_and_radnorshire
11458,Stephen,Williams,"Liberal Democrat","Bristol West",https://www.theyworkforyou.com/mp/11458/stephen_williams/bristol_west
10641,Phil,Willis,"Liberal Democrat","Harrogate and Knaresborough",https://www.theyworkforyou.com/mp/10641/phil_willis/harrogate_and_knaresborough
11480,Jennifer,Willott,"Liberal Democrat","Cardiff Central",https://www.theyworkforyou.com/mp/11480/jennifer_willott/cardiff_central
10642,Michael,Wills,Labour,"North Swindon",https://www.theyworkforyou.com/mp/10642/michael_wills/north_swindon
10643,David,Wilshire,Conservative,Spelthorne,https://www.theyworkforyou.com/mp/10643/david_wilshire/spelthorne
11773,Rob,Wilson,Conservative,"Reading East",https://www.theyworkforyou.com/mp/11773/rob_wilson/reading_east
11374,Sammy,Wilson,DUP,"East Antrim",https://www.theyworkforyou.com/mp/11374/sammy_wilson/east_antrim
10645,David,Winnick,Labour,"Walsall North",https://www.theyworkforyou.com/mp/10645/david_winnick/walsall_north
10646,Ann,Winterton,Conservative,Congleton,https://www.theyworkforyou.com/mp/10646/ann_winterton/congleton
10647,Nicholas,Winterton,Conservative,Macclesfield,https://www.theyworkforyou.com/mp/10647/nicholas_winterton/macclesfield
10648,Rosie,Winterton,Labour,"Doncaster Central",https://www.theyworkforyou.com/mp/10648/rosie_winterton/doncaster_central
11333,Pete,Wishart,"Scottish National Party","Perth and North Perthshire",https://www.theyworkforyou.com/mp/11333/pete_wishart/perth_and_north_perthshire
10650,Mike,Wood,Labour,"Batley and Spen",https://www.theyworkforyou.com/mp/10650/mike_wood/batley_and_spen
10651,Shaun,Woodward,Labour,"St Helens South",https://www.theyworkforyou.com/mp/10651/shaun_woodward/st_helens_south
10652,Phil,Woolas,Labour,"Oldham East and Saddleworth",https://www.theyworkforyou.com/mp/10652/phil_woolas/oldham_east_and_saddleworth
10655,"Anthony D",Wright,Labour,"Great Yarmouth",https://www.theyworkforyou.com/mp/10655/anthony_d_wright/great_yarmouth
11340,David,Wright,Labour,Telford,https://www.theyworkforyou.com/mp/11340/david_wright/telford
11362,Iain,Wright,Labour,Hartlepool,https://www.theyworkforyou.com/mp/11362/iain_wright/hartlepool
11791,Jeremy,Wright,Conservative,"Rugby and Kenilworth",https://www.theyworkforyou.com/mp/11791/jeremy_wright/rugby_and_kenilworth
10656,Tony,Wright,Labour,"Cannock Chase",https://www.theyworkforyou.com/mp/10656/tony_wright/cannock_chase
10657,Derek,Wyatt,Labour,"Sittingbourne and Sheppey",https://www.theyworkforyou.com/mp/10657/derek_wyatt/sittingbourne_and_sheppey
10658,Tim,Yeo,Conservative,"South Suffolk",https://www.theyworkforyou.com/mp/10658/tim_yeo/south_suffolk
10659,George,Young,Conservative,"North West Hampshire",https://www.theyworkforyou.com/mp/10659/george_young/north_west_hampshire
11345,Richard,Younger-Ross,"Liberal Democrat",Teignbridge,https://www.theyworkforyou.com/mp/11345/richard_younger-ross/teignbridge
